[{"id":1084537,"title":"Big Buck Bunny","description":"Big Buck Bunny tells the story of a giant rabbit with a heart bigger than himself. When one sunny day three rodents rudely harass him, something snaps... and the rabbit ain't no bunny anymore! In the typical cartoon tradition he prepares the nasty rodents a comical revenge.<br \/>\n<br \/>\nLicensed under the Creative Commons Attribution license<br \/>\n<br \/>\nhttp:\/\/www.bigbuckbunny.org","url":"https:\/\/vimeo.com\/1084537","upload_date":"2008-05-29 05:08:02","mobile_url":"https:\/\/vimeo.com\/1084537","thumbnail_small":"https:\/\/i.vimeocdn.com\/video\/20963649_100x75.webp","thumbnail_medium":"https:\/\/i.vimeocdn.com\/video\/20963649_200x150.webp","thumbnail_large":"https:\/\/i.vimeocdn.com\/video\/20963649_640.webp","user_id":508904,"user_name":"Blender Foundation","user_url":"https:\/\/vimeo.com\/user508904","user_portrait_small":"https:\/\/i.vimeocdn.com\/portrait\/882428_30x30.webp","user_portrait_medium":"https:\/\/i.vimeocdn.com\/portrait\/882428_75x75.webp","user_portrait_large":"https:\/\/i.vimeocdn.com\/portrait\/882428_100x100.webp","user_portrait_huge":"https:\/\/i.vimeocdn.com\/portrait\/882428_300x300.webp","stats_number_of_likes":4326,"stats_number_of_plays":4610838,"stats_number_of_comments":310,"duration":597,"width":1280,"height":720,"tags":"Peach, Blender, Big Buck Bunny, CGI, Animation, 3D, Creative Commons, HD, lymi","embed_privacy":"anywhere"}]